name,location,specialties,overview,profile_link
"Dr. Jorge MaytorenaBariatric Surgeon,    Laparoscopic Surgeon,","Tijuana  
                      Mexico","Bariatric Surgeon,    Laparoscopic Surgeon,","Dr. Jorge Maytorena is a top bariatric surgeon in Tijuana, Mexico, who helps people become healthier by doing special weight-loss surgeries. He cares a lot about keeping his pati",https://www.placidway.com/doctor-detail/235/Dr-Jorge-Maytorena
"Dr. Omar D. GonzalezStem Cell Therapy,","Nuevo Progreso  
                      Mexico","Stem Cell Therapy,","Dr. Omar Gonzalez: Stem Cell Doctor in Nuevo Progreso, Mexico

Dr. Omar Gonzalez is a kind and smart doctor who helps people with different health problems. He works as a Stem Ce",https://www.placidway.com/doctor-detail/409/Dr-Omar-D-Gonzalez
"Luis Armando Melendez Martinez DDSImplantology,      Prosthodontics, Dentist,","Los Algodones  
                      Mexico","Implantology,      Prosthodontics, Dentist,","Dr. Luis Armando Melendez Martinez is a highly skilled and experienced dentist specializing in implantology and prosthodontics. With over 12 years of experience in implantology,",https://www.placidway.com/doctor-detail/709/Luis-Armando-Melendez-Martinez-DDS
"Dr. Octavio Herrera OsorioGynecologist, Reproductive Medicine,","Puebla  
                      Mexico","Gynecologist, Reproductive Medicine,",Dr. Octavio Herrera Osorio is a leading Obstetrician and Gynecologist with more than 10 years of experience at UNLIVE Clinic. He is a graduate of the Meritorious Autonomous Unive,https://www.placidway.com/doctor-detail/57012/Dr-Octavio-Herrera-Osorio
"Dr. Jorge SandovalPlastic Surgeon,","Mexico City  
                      Mexico","Plastic Surgeon,","Dr. Jorge Sandoval: Expert Plastic Surgeon in Mexico City, Mexico

Dr. Jorge Sandoval is a skilled and experienced plastic surgeon based in Mexico City, Mexico. He is dedicated t",https://www.placidway.com/doctor-detail/58330/Dr-Jorge-Sandoval
"Dr. Baris AkinNephrologist,  Organ Transplant Doctor,","Istanbul  
                      Turkey","Nephrologist,  Organ Transplant Doctor,","After graduating from Ankara University's medical school and general surgery residency, Dr. Baris Akin completed the transplant surgery fellowship program at Ohio State Un",https://www.placidway.com/doctor-detail/57331/Bars-Akin
"Dr. Pichet RodchareonPlastic Surgeon,","Bangkok  
                      Thailand","Plastic Surgeon,","Meet Dr. Pichet Rodchareon: The Best Plastic Surgeon in Bangkok, Thailand

Dr. Pichet Rodchareon is renowned as the best plastic surgeon in Bangkok, Thailand, known for his excep",https://www.placidway.com/doctor-detail/57488/Dr-Pichet-Rodchareon
"Dr. Rohit KrishnaPlastic Surgeon,  Urologist,","New Delhi  
                      India","Plastic Surgeon,  Urologist,","Dr. Rohit Krishna is a highly skilled and experienced plastic surgeon in New Delhi India specializing in Plastic, Aesthetic, and Reconstructive Surgery in New Delhi, India.",https://www.placidway.com/doctor-detail/57601/Dr-Rohit-Krishna
"Dr. Hardik Parikh – Eye Surgeon in Mumbai, IndiaOphthalmologist,","MUMBAI  
                      India","Ophthalmologist,","Dr. Hardik Parikh MBBS(Mum), MS (Ophthal.), FAICO (LASIK.) is the best eye surgeon in Mumbai, India. A few years ago, an MBBS student was exposed to the areas he could ch",https://www.placidway.com/doctor-detail/57619/Dr-Hardik-Parikh-Eye-Surgeon-in-Mumbai-India
"Dr. Paul Casillas, M.D.Addiction Psychiatrist,","Tijuana  
                      Mexico","Addiction Psychiatrist,","Dr. Paul Casillas: Ibogaine Treatment Expert in Tijuana, Mexico

Dr. Paul Casillas is a leading expert in ibogaine treatment. He started working in this field in 2007. That's",https://www.placidway.com/doctor-detail/57800/Dr-Paul-Casillas-MD
"Dr. Patsama VichinsartvichaiIVF Specialist,","Bangkok  
                      Thailand","IVF Specialist,","Introduction to Dr. Patsama Vichinsartvichai in Bangkok, Thailand

Dr. Patsama Vichinsartvichai is a highly respected Gynecologist and IVF Specialist based in Bangkok, Thailand b",https://www.placidway.com/doctor-detail/57933/DrPatsama-Vichinsartvichai
"Dr. Anurak Amornpetchsathaporn, H.D.Plastic Surgeon,","Bangkok  
                      Thailand","Plastic Surgeon,","About Dr. Anurak Amornpetchsathaporn

Introduction to Dr. Amornpetchsathaporn

Dr. Anurak Amornpetchsathaporn is a highly esteemed board-certified cosmetic surgeon i",https://www.placidway.com/doctor-detail/57938/Dr-Anuralc-Amornpetchsathaporn-HD
"Dr. Carlos BautistaOncologist,  Regenerative Medicine,","Tijuana  
                      Mexico","Oncologist,  Regenerative Medicine,","Introduction to Dr. Carlos Bautista by ITC in Tijuana, Mexico

Meet Dr. Carlos Bautista! He is a kind and smart doctor who helps people fight cancer at Immunity Therapy Cen",https://www.placidway.com/doctor-detail/57943/Dr-Carlos-Bautista
"Dr. Cristobal GarzaBariatric Surgeon,","Piedras Negras  
                      Mexico","Bariatric Surgeon,","Dr. Cristobal Garza: A Skilled Weight-Loss Doctor in Mexico

Dr. Cristobal Garza is a famous Bariatric Surgeon in Piedras Negras, Mexico who helps people lose weight with su",https://www.placidway.com/doctor-detail/58278/Dr-Cristobal-Garza
"Dr. Pablo Orozco, M.D.Regenerative Medicine","Tijuana  
                      Mexico",Regenerative Medicine,"Dr. Pablo Orozco MD: Compassionate Architect of Cutting-Edge Healthcare_x000D_
Introducing Dr. Pablo Orozco, a compassionate treating physician at the Immunity Therapy Center in Tijuan",https://www.placidway.com/doctor-detail/57989/Dr-Pablo-Orozco-MD
"Dr. David Alvarez, M.D.Regenerative Medicine, Oncologist,","Tijuana  
                      Mexico","Regenerative Medicine, Oncologist,","Dr. David Alvarez MD: A Distinguished Board-Certified Physician

Dr. David Alvarez stands out as a Board Certified Medical Doctor, having graduated from Universidad Xochicalco, a",https://www.placidway.com/doctor-detail/57987/Dr-David-Alvarez-MD
"Dr. Adolfo Carrillo, M.D.Regenerative Medicine, Oncologist,","Tijuana  
                      Mexico","Regenerative Medicine, Oncologist,","Dr. Adolfo Carrillo emerges as a dedicated leader in advanced healthcare at the Immunity Therapy Center in Tijuana, Mexico. His role as a treating physician underscores his commi",https://www.placidway.com/doctor-detail/57988/Dr-Adolfo-Carrillo-MD
"Surasak JirapornchaiPhysiotherapist, Regenerative Medicine,","Bangkok  
                      Thailand","Physiotherapist, Regenerative Medicine,","About Dr. Surasak Jirapornchai

Dr. Surasak Jirapornchai is a highly experienced physiotherapist based in Bangkok, Thailand at Vega Stem Cell Clinic. With a passion for helping p",https://www.placidway.com/doctor-detail/58007/SURASAK-JIRAPORNCHAI
"Dr. Chollawat ThongthaisiStem Cell Therapy,","Bangkok  
                      Thailand","Stem Cell Therapy,","Dr. Chollawat Thongthaisi - Stem Cell Doctor in Bangkok, Thailand

Dr. Chollawat Thongthaisi is a doctor for Stem Cell Therapy in Bangkok, Thailand, working at Vega Stem Cell Cli",https://www.placidway.com/doctor-detail/58008/Dr-Chollawat-Thongthaisi
"Op. Dr. Kutbettin ALTUNBariatric Surgeon,","Antalya  
                      Turkey","Bariatric Surgeon,","Dr. Kutbettin Altun: A Leading Bariatric Surgeon in Antalya, Turkey

Dr. Kutbettin Altun is a really good Bariatric Surgeon in Antalya, Turkey. He helps people who are si",https://www.placidway.com/doctor-detail/58025/Op-Dr-Kutbettin-ALTUN
